position_pair,engram7_load,engram7_strength,engram7_position,engram7_stretch,engram7_vspan,engram7_hspan,engram7_sequence
'',0,0,0,0,1,0,0
"',",1,0.5,0,0.5,0.5,1,0
'.,1,0,0.25,0.5,0.5,0,0
'/,0,0,0.25,0.5,0.5,0,0
';,0,0,0.5,0.5,1,0,0
'A,1,0,0.5,0.5,1,1,1
'B,1,0.5,0,0,1,1,1
'C,1,0.5,0,0.5,1,1,1
'D,1,0.5,0.5,0.5,1,1,1
'E,1,0.5,0.25,0.5,1,1,1
'F,1,0.5,0.5,0.5,1,1,1
'G,1,0.5,0,0,1,1,1
'H,1,0.5,0,0,1,0,1
'I,1,0.5,0.25,0.5,0.5,1,0
'J,1,0.5,0.5,0.5,1,0,1
'K,1,0.5,0.5,0.5,1,0,1
'L,1,0,0.5,0.5,1,0,1
'M,1,0.5,0.25,0.5,0.5,1,0
'N,1,0.5,0,0,0.5,1,0
'O,1,0,0.25,0.5,0.5,0,0
'P,0,0,0,0.5,0.5,0,0
'Q,1,0,0,0.5,1,1,1
'R,1,0.5,0,0.5,1,1,1
'S,1,0,0.5,0.5,1,1,1
'T,1,0.5,0,0,1,1,1
'U,1,0.5,0,0.5,0.5,1,0
'V,1,0.5,0.25,0.5,1,1,1
'W,1,0,0.25,0.5,1,1,1
'X,1,0,0.25,0.5,1,1,1
'Y,1,0.5,0,0,0.5,1,0
'Z,1,0,0.25,0.5,1,1,1
'[,0,0,0,0,0.5,0,0
",'",1,0.5,0,0.5,0.5,1,0
",,",0,1,0,1,1,0,0
",.",1,0.5,0.25,1,1,1,0
",/",1,0.5,0.25,1,1,0,0
",;",1,0.5,0.5,1,0.5,1,0
",A",1,0.5,0.5,1,1,1,1
",B",1,1,0,0.5,1,1,1
",C",1,1,0,1,1,1,1
",D",1,1,0.5,1,1,1,1
",E",1,1,0.25,1,1,1,1
",F",1,1,0.5,1,1,1,1
",G",1,1,0,0.5,1,1,1
",H",1,1,0,0.5,0.5,0,0
",I",0,1,0.25,1,0,0,0
",J",1,1,0.5,1,0.5,0,0
",K",0,1,0.5,1,0.5,0,0
",L",1,0.5,0.5,1,0.5,0,0
",M",1,1,0.25,1,1,1,1
",N",1,1,0,0.5,1,0,1
",O",1,0.5,0.25,1,0,0,0
",P",1,0.5,0,1,0,1,0
",Q",1,0.5,0,1,1,1,1
",R",1,1,0,1,1,1,1
",S",1,0.5,0.5,1,1,1,1
",T",1,1,0,0.5,1,1,1
",U",1,1,0,1,0,0,0
",V",1,1,0.25,1,1,1,1
",W",1,0.5,0.25,1,1,1,1
",X",1,0.5,0.25,1,1,1,1
",Y",1,1,0,0.5,0,0,0
",Z",1,0.5,0.25,1,1,1,1
",[",1,0.5,0,0.5,0,1,0
.',1,0,0.25,0.5,0.5,0,0
".,",1,0.5,0,1,1,1,1
..,0,0,0.5,1,1,0,0
./,1,0,0.5,1,1,1,0
.;,1,0,0.75,1,0.5,0,0
.A,1,0,0.75,1,1,1,1
.B,1,0.5,0.25,0.5,1,1,1
.C,1,0.5,0,1,1,1,1
.D,1,0.5,0.75,1,1,1,1
.E,1,0.5,0.5,1,1,1,1
.F,1,0.5,0.75,1,1,1,1
.G,1,0.5,0.25,0.5,1,1,1
.H,1,0.5,0.25,0.5,0.5,1,0
.I,1,0.5,0.5,1,0,0,0
.J,1,0.5,0.75,1,0.5,1,0
.K,1,0.5,0.75,1,0.5,0,0
.L,0,0,0.75,1,0.5,0,0
.M,1,0.5,0.5,1,1,0,1
.N,1,0.5,0.25,0.5,1,0,1
.O,0,0,0.5,1,0,0,0
.P,1,0,0,1,0,0,0
.Q,1,0,0,1,1,1,1
.R,1,0.5,0,1,1,1,1
.S,1,0,0.75,1,1,1,1
.T,1,0.5,0.25,0.5,1,1,1
.U,1,0.5,0,1,0,1,0
.V,1,0.5,0.5,1,1,1,1
.W,1,0,0.5,1,1,1,1
.X,1,0,0.5,1,1,1,1
.Y,1,0.5,0.25,0.5,0,1,0
.Z,1,0,0.5,1,1,1,1
.[,1,0,0.25,0.5,0,0,0
/',0,0,0.25,0.5,0.5,0,0
"/,",1,0.5,0,1,1,0,1
/.,1,0,0.5,1,1,1,1
//,0,0,0.5,1,1,0,0
/;,0,0,0.75,1,0.5,0,0
/A,1,0,0.75,1,1,1,1
/B,1,0.5,0.25,0.5,1,1,1
/C,1,0.5,0,1,1,1,1
/D,1,0.5,0.75,1,1,1,1
/E,1,0.5,0.5,1,1,1,1
/F,1,0.5,0.75,1,1,1,1
/G,1,0.5,0.25,0.5,1,1,1
/H,1,0.5,0.25,0.5,0.5,1,0
/I,1,0.5,0.5,1,0,1,0
/J,1,0.5,0.75,1,0.5,1,0
/K,1,0.5,0.75,1,0.5,1,0
/L,1,0,0.75,1,0.5,0,0
/M,1,0.5,0.5,1,1,0,1
/N,1,0.5,0.25,0.5,1,0,1
/O,1,0,0.5,1,0,0,0
/P,0,0,0,1,0,0,0
/Q,1,0,0,1,1,1,1
/R,1,0.5,0,1,1,1,1
/S,1,0,0.75,1,1,1,1
/T,1,0.5,0.25,0.5,1,1,1
/U,1,0.5,0,1,0,1,0
/V,1,0.5,0.5,1,1,1,1
/W,1,0,0.5,1,1,1,1
/X,1,0,0.5,1,1,1,1
/Y,1,0.5,0.25,0.5,0,1,0
/Z,1,0,0.5,1,1,1,1
/[,0,0,0.25,0.5,0,0,0
;',0,0,0.5,0.5,1,0,0
";,",1,0.5,0,1,0.5,1,0
;.,1,0,0.75,1,0.5,0,0
;/,0,0,0.75,1,0.5,0,0
;;,0,0,1,1,1,0,0
;A,1,0,1,1,1,1,1
;B,1,0.5,0.5,0.5,1,1,1
;C,1,0.5,0,1,1,1,1
;D,1,0.5,1,1,1,1,1
;E,1,0.5,0.75,1,1,1,1
;F,1,0.5,1,1,1,1,1
;G,1,0.5,0.5,0.5,1,1,1
;H,1,0.5,0.5,0.5,1,0,1
;I,1,0.5,0.75,1,0.5,1,0
;J,1,0.5,1,1,1,0,1
;K,1,0.5,1,1,1,0,1
;L,1,0,1,1,1,1,1
;M,1,0.5,0.75,1,0.5,1,0
;N,1,0.5,0.5,0.5,0.5,1,0
;O,1,0,0.75,1,0.5,0,0
;P,0,0,0,1,0.5,0,0
;Q,1,0,0,1,1,1,1
;R,1,0.5,0,1,1,1,1
;S,1,0,1,1,1,1,1
;T,1,0.5,0.5,0.5,1,1,1
;U,1,0.5,0,1,0.5,1,0
;V,1,0.5,0.75,1,1,1,1
;W,1,0,0.75,1,1,1,1
;X,1,0,0.75,1,1,1,1
;Y,1,0.5,0.5,0.5,0.5,1,0
;Z,1,0,0.75,1,1,1,1
;[,0,0,0.5,0.5,0.5,0,0
A',1,0,0.5,0.5,1,1,1
"A,",1,0.5,0,1,1,1,1
A.,1,0,0.75,1,1,1,1
A/,1,0,0.75,1,1,1,1
A;,1,0,1,1,1,1,1
AA,0,0,1,1,1,0,0
AB,1,0.5,0.5,0.5,0.5,1,0
AC,1,0.5,0,1,0.5,1,0
AD,1,0.5,1,1,1,0,1
AE,1,0.5,0.75,1,0.5,1,0
AF,1,0.5,1,1,1,0,1
AG,1,0.5,0.5,0.5,1,0,1
AH,1,0.5,0.5,0.5,1,1,1
AI,1,0.5,0.75,1,1,1,1
AJ,1,0.5,1,1,1,1,1
AK,1,0.5,1,1,1,1,1
AL,1,0,1,1,1,1,1
AM,1,0.5,0.75,1,1,1,1
AN,1,0.5,0.5,0.5,1,1,1
AO,1,0,0.75,1,1,1,1
AP,1,0,0,1,1,1,1
AQ,0,0,0,1,0.5,0,0
AR,1,0.5,0,1,0.5,1,0
AS,1,0,1,1,1,1,1
AT,1,0.5,0.5,0.5,0.5,1,0
AU,1,0.5,0,1,1,1,1
AV,1,0.5,0.75,1,0.5,1,0
AW,1,0,0.75,1,0.5,0,0
AX,1,0,0.75,1,0.5,0,0
AY,1,0.5,0.5,0.5,1,1,1
AZ,0,0,0.75,1,0.5,0,0
A[,1,0,0.5,0.5,1,1,1
B',1,0.5,0,0,1,1,1
"B,",1,1,0,0.5,1,1,1
B.,1,0.5,0.25,0.5,1,1,1
B/,1,0.5,0.25,0.5,1,1,1
B;,1,0.5,0.5,0.5,1,1,1
BA,1,0.5,0.5,0.5,0.5,1,0
BB,0,1,0,0,1,0,0
BC,1,1,0,0.5,1,0,0
BD,1,1,0.5,0.5,0.5,0,0
BE,1,1,0.25,0.5,0,0,0
BF,0,1,0.5,0.5,0.5,0,0
BG,0,1,0,0,0.5,0,0
BH,1,1,0,0,1,1,1
BI,1,1,0.25,0.5,1,1,1
BJ,1,1,0.5,0.5,1,1,1
BK,1,1,0.5,0.5,1,1,1
BL,1,0.5,0.5,0.5,1,1,1
BM,1,1,0.25,0.5,1,1,1
BN,1,1,0,0,1,1,1
BO,1,0.5,0.25,0.5,1,1,1
BP,1,0.5,0,0.5,1,1,1
BQ,1,0.5,0,0.5,0,1,0
BR,0,1,0,0.5,0,0,0
BS,1,0.5,0.5,0.5,0.5,1,0
BT,0,1,0,0,0,0,0
BU,1,1,0,0.5,1,1,1
BV,0,1,0.25,0.5,1,0,0
BW,1,0.5,0.25,0.5,0,1,0
BX,1,0.5,0.25,0.5,1,0,0
BY,1,1,0,0,1,1,1
BZ,1,0.5,0.25,0.5,1,0,0
B[,1,0.5,0,0,1,1,1
C',1,0.5,0,0.5,1,1,1
"C,",1,1,0,1,1,1,1
C.,1,0.5,0.25,1,1,1,1
C/,1,0.5,0.25,1,1,1,1
C;,1,0.5,0.5,1,1,1,1
CA,1,0.5,0.5,1,0.5,1,0
CB,1,1,0,0.5,1,0,1
CC,0,1,0,1,1,0,0
CD,0,1,0.5,1,0.5,0,0
CE,0,1,0.25,1,0,0,0
CF,1,1,0.5,1,0.5,0,0
CG,1,1,0,0.5,0.5,0,0
CH,1,1,0,0.5,1,1,1
CI,1,1,0.25,1,1,1,1
CJ,1,1,0.5,1,1,1,1
CK,1,1,0.5,1,1,1,1
CL,1,0.5,0.5,1,1,1,1
CM,1,1,0.25,1,1,1,1
CN,1,1,0,0.5,1,1,1
CO,1,0.5,0.25,1,1,1,1
CP,1,0.5,0,1,1,1,1
CQ,1,0.5,0,1,0,1,0
CR,1,1,0,1,0,0,0
CS,1,0.5,0.5,1,0.5,0,0
CT,1,1,0,0.5,0,0,0
CU,1,1,0,1,1,1,1
CV,1,1,0.25,1,1,1,1
CW,1,0.5,0.25,1,0,0,0
CX,1,0.5,0.25,1,1,1,0
CY,1,1,0,0.5,1,1,1
CZ,1,0.5,0.25,1,1,0,0
C[,1,0.5,0,0.5,1,1,1
D',1,0.5,0.5,0.5,1,1,1
"D,",1,1,0,1,1,1,1
D.,1,0.5,0.75,1,1,1,1
D/,1,0.5,0.75,1,1,1,1
D;,1,0.5,1,1,1,1,1
DA,1,0.5,1,1,1,0,0
DB,1,1,0.5,0.5,0.5,0,0
DC,0,1,0,1,0.5,0,0
DD,0,1,1,1,1,0,0
DE,0,1,0.75,1,0.5,0,0
DF,1,1,1,1,1,1,1
DG,1,1,0.5,0.5,1,0,1
DH,1,1,0.5,0.5,1,1,1
DI,1,1,0.75,1,1,1,1
DJ,1,1,1,1,1,1,1
DK,1,1,1,1,1,1,1
DL,1,0.5,1,1,1,1,1
DM,1,1,0.75,1,1,1,1
DN,1,1,0.5,0.5,1,1,1
DO,1,0.5,0.75,1,1,1,1
DP,1,0.5,0,1,1,1,1
DQ,1,0.5,0,1,0.5,1,0
DR,1,1,0,1,0.5,0,0
DS,1,0.5,1,1,1,1,0
DT,1,1,0.5,0.5,0.5,0,0
DU,1,1,0,1,1,1,1
DV,1,1,0.75,1,0.5,0,0
DW,1,0.5,0.75,1,0.5,0,0
DX,1,0.5,0.75,1,0.5,0,0
DY,1,1,0.5,0.5,1,1,1
DZ,1,0.5,0.75,1,0.5,1,0
D[,1,0.5,0.5,0.5,1,1,1
E',1,0.5,0.25,0.5,1,1,1
"E,",1,1,0,1,1,1,1
E.,1,0.5,0.5,1,1,1,1
E/,1,0.5,0.5,1,1,1,1
E;,1,0.5,0.75,1,1,1,1
EA,1,0.5,0.75,1,0.5,1,0
EB,1,1,0.25,0.5,0,0,0
EC,0,1,0,1,0,0,0
ED,0,1,0.75,1,0.5,0,0
EE,0,1,0.5,1,1,0,0
EF,1,1,0.75,1,0.5,0,0
EG,1,1,0.25,0.5,0.5,0,0
EH,1,1,0.25,0.5,1,1,1
EI,1,1,0.5,1,1,1,1
EJ,1,1,0.75,1,1,1,1
EK,1,1,0.75,1,1,1,1
EL,1,0.5,0.75,1,1,1,1
EM,1,1,0.5,1,1,1,1
EN,1,1,0.25,0.5,1,1,1
EO,1,0.5,0.5,1,1,1,1
EP,1,0.5,0,1,1,1,1
EQ,1,0.5,0,1,1,0,0
ER,1,1,0,1,1,1,1
ES,1,0.5,0.75,1,0.5,0,0
ET,1,1,0.25,0.5,1,0,1
EU,1,1,0,1,1,1,1
EV,1,1,0.5,1,0,0,0
EW,1,0.5,0.5,1,1,1,0
EX,1,0.5,0.5,1,0,0,0
EY,1,1,0.25,0.5,1,1,1
EZ,1,0.5,0.5,1,0,1,0
E[,1,0.5,0.25,0.5,1,1,1
F',1,0.5,0.5,0.5,1,1,1
"F,",1,1,0,1,1,1,1
F.,1,0.5,0.75,1,1,1,1
F/,1,0.5,0.75,1,1,1,1
F;,1,0.5,1,1,1,1,1
FA,1,0.5,1,1,1,0,0
FB,0,1,0.5,0.5,0.5,0,0
FC,1,1,0,1,0.5,0,0
FD,1,1,1,1,1,1,0
FE,1,1,0.75,1,0.5,0,0
FF,0,1,1,1,1,0,0
FG,0,1,0.5,0.5,1,0,0
FH,1,1,0.5,0.5,1,1,1
FI,1,1,0.75,1,1,1,1
FJ,1,1,1,1,1,1,1
FK,1,1,1,1,1,1,1
FL,1,0.5,1,1,1,1,1
FM,1,1,0.75,1,1,1,1
FN,1,1,0.5,0.5,1,1,1
FO,1,0.5,0.75,1,1,1,1
FP,1,0.5,0,1,1,1,1
FQ,1,0.5,0,1,0.5,1,0
FR,0,1,0,1,0.5,0,0
FS,1,0.5,1,1,1,0,0
FT,0,1,0.5,0.5,0.5,0,0
FU,1,1,0,1,1,1,1
FV,0,1,0.75,1,0.5,0,0
FW,1,0.5,0.75,1,0.5,1,0
FX,1,0.5,0.75,1,0.5,1,0
FY,1,1,0.5,0.5,1,1,1
FZ,1,0.5,0.75,1,0.5,1,0
F[,1,0.5,0.5,0.5,1,1,1
G',1,0.5,0,0,1,1,1
"G,",1,1,0,0.5,1,1,1
G.,1,0.5,0.25,0.5,1,1,1
G/,1,0.5,0.25,0.5,1,1,1
G;,1,0.5,0.5,0.5,1,1,1
GA,1,0.5,0.5,0.5,1,0,0
GB,0,1,0,0,0.5,0,0
GC,1,1,0,0.5,0.5,0,0
GD,1,1,0.5,0.5,1,0,0
GE,1,1,0.25,0.5,0.5,0,0
GF,0,1,0.5,0.5,1,0,0
GG,0,1,0,0,1,0,0
GH,1,1,0,0,1,1,1
GI,1,1,0.25,0.5,1,1,1
GJ,1,1,0.5,0.5,1,1,1
GK,1,1,0.5,0.5,1,1,1
GL,1,0.5,0.5,0.5,1,1,1
GM,1,1,0.25,0.5,1,1,1
GN,1,1,0,0,1,1,1
GO,1,0.5,0.25,0.5,1,1,1
GP,1,0.5,0,0.5,1,1,1
GQ,1,0.5,0,0.5,0.5,1,0
GR,0,1,0,0.5,0.5,0,0
GS,1,0.5,0.5,0.5,1,0,0
GT,0,1,0,0,0.5,0,0
GU,1,1,0,0.5,1,1,1
GV,0,1,0.25,0.5,0.5,0,0
GW,1,0.5,0.25,0.5,0.5,1,0
GX,1,0.5,0.25,0.5,0.5,1,0
GY,1,1,0,0,1,1,1
GZ,1,0.5,0.25,0.5,0.5,1,0
G[,1,0.5,0,0,1,1,1
H',1,0.5,0,0,1,0,0
"H,",1,1,0,0.5,0.5,0,0
H.,1,0.5,0.25,0.5,0.5,1,0
H/,1,0.5,0.25,0.5,0.5,1,0
H;,1,0.5,0.5,0.5,1,0,0
HA,1,0.5,0.5,0.5,1,1,1
HB,1,1,0,0,1,1,1
HC,1,1,0,0.5,1,1,1
HD,1,1,0.5,0.5,1,1,1
HE,1,1,0.25,0.5,1,1,1
HF,1,1,0.5,0.5,1,1,1
HG,1,1,0,0,1,1,1
HH,0,1,0,0,1,0,0
HI,1,1,0.25,0.5,0.5,0,0
HJ,0,1,0.5,0.5,1,0,0
HK,1,1,0.5,0.5,1,0,0
HL,1,0.5,0.5,0.5,1,0,0
HM,0,1,0.25,0.5,0.5,0,0
HN,0,1,0,0,0.5,0,0
HO,1,0.5,0.25,0.5,0.5,1,0
HP,1,0.5,0,0.5,0.5,1,0
HQ,1,0.5,0,0.5,1,1,1
HR,1,1,0,0.5,1,1,1
HS,1,0.5,0.5,0.5,1,1,1
HT,1,1,0,0,1,1,1
HU,0,1,0,0.5,0.5,0,0
HV,1,1,0.25,0.5,1,1,1
HW,1,0.5,0.25,0.5,1,1,1
HX,1,0.5,0.25,0.5,1,1,1
HY,0,1,0,0,0.5,0,0
HZ,1,0.5,0.25,0.5,1,1,1
H[,1,0.5,0,0,0.5,1,0
I',1,0.5,0.25,0.5,0.5,1,0
"I,",0,1,0,1,0,0,0
I.,1,0.5,0.5,1,0,0,0
I/,1,0.5,0.5,1,0,1,0
I;,1,0.5,0.75,1,0.5,1,0
IA,1,0.5,0.75,1,1,1,1
IB,1,1,0.25,0.5,1,1,1
IC,1,1,0,1,1,1,1
ID,1,1,0.75,1,1,1,1
IE,1,1,0.5,1,1,1,1
IF,1,1,0.75,1,1,1,1
IG,1,1,0.25,0.5,1,1,1
IH,1,1,0.25,0.5,0.5,0,0
II,0,1,0.5,1,1,0,0
IJ,1,1,0.75,1,0.5,0,0
IK,0,1,0.75,1,0.5,0,0
IL,1,0.5,0.75,1,0.5,0,0
IM,1,1,0.5,1,0,0,0
IN,1,1,0.25,0.5,0,0,0
IO,1,0.5,0.5,1,1,1,0
IP,1,0.5,0,1,1,0,0
IQ,1,0.5,0,1,1,1,1
IR,1,1,0,1,1,1,1
IS,1,0.5,0.75,1,1,1,1
IT,1,1,0.25,0.5,1,1,1
IU,1,1,0,1,1,1,1
IV,1,1,0.5,1,1,1,1
IW,1,0.5,0.5,1,1,1,1
IX,1,0.5,0.5,1,1,1,1
IY,1,1,0.25,0.5,1,0,1
IZ,1,0.5,0.5,1,1,1,1
I[,1,0.5,0.25,0.5,1,0,0
J',1,0.5,0.5,0.5,1,0,0
"J,",1,1,0,1,0.5,0,0
J.,1,0.5,0.75,1,0.5,1,0
J/,1,0.5,0.75,1,0.5,1,0
J;,1,0.5,1,1,1,0,0
JA,1,0.5,1,1,1,1,1
JB,1,1,0.5,0.5,1,1,1
JC,1,1,0,1,1,1,1
JD,1,1,1,1,1,1,1
JE,1,1,0.75,1,1,1,1
JF,1,1,1,1,1,1,1
JG,1,1,0.5,0.5,1,1,1
JH,0,1,0.5,0.5,1,0,0
JI,1,1,0.75,1,0.5,0,0
JJ,0,1,1,1,1,0,0
JK,1,1,1,1,1,1,0
JL,1,0.5,1,1,1,0,0
JM,0,1,0.75,1,0.5,0,0
JN,0,1,0.5,0.5,0.5,0,0
JO,1,0.5,0.75,1,0.5,1,0
JP,1,0.5,0,1,0.5,1,0
JQ,1,0.5,0,1,1,1,1
JR,1,1,0,1,1,1,1
JS,1,0.5,1,1,1,1,1
JT,1,1,0.5,0.5,1,1,1
JU,0,1,0,1,0.5,0,0
JV,1,1,0.75,1,1,1,1
JW,1,0.5,0.75,1,1,1,1
JX,1,0.5,0.75,1,1,1,1
JY,0,1,0.5,0.5,0.5,0,0
JZ,1,0.5,0.75,1,1,1,1
J[,1,0.5,0.5,0.5,0.5,1,0
K',1,0.5,0.5,0.5,1,0,0
"K,",0,1,0,1,0.5,0,0
K.,1,0.5,0.75,1,0.5,0,0
K/,1,0.5,0.75,1,0.5,1,0
K;,1,0.5,1,1,1,0,0
KA,1,0.5,1,1,1,1,1
KB,1,1,0.5,0.5,1,1,1
KC,1,1,0,1,1,1,1
KD,1,1,1,1,1,1,1
KE,1,1,0.75,1,1,1,1
KF,1,1,1,1,1,1,1
KG,1,1,0.5,0.5,1,1,1
KH,1,1,0.5,0.5,1,0,1
KI,0,1,0.75,1,0.5,0,0
KJ,1,1,1,1,1,1,1
KK,0,1,1,1,1,0,0
KL,1,0.5,1,1,1,1,0
KM,1,1,0.75,1,0.5,0,0
KN,1,1,0.5,0.5,0.5,0,0
KO,1,0.5,0.75,1,0.5,0,0
KP,1,0.5,0,1,0.5,1,0
KQ,1,0.5,0,1,1,1,1
KR,1,1,0,1,1,1,1
KS,1,0.5,1,1,1,1,1
KT,1,1,0.5,0.5,1,1,1
KU,1,1,0,1,0.5,0,0
KV,1,1,0.75,1,1,1,1
KW,1,0.5,0.75,1,1,1,1
KX,1,0.5,0.75,1,1,1,1
KY,1,1,0.5,0.5,0.5,0,0
KZ,1,0.5,0.75,1,1,1,1
K[,1,0.5,0.5,0.5,0.5,1,0
L',1,0,0.5,0.5,1,0,0
"L,",1,0.5,0,1,0.5,0,0
L.,0,0,0.75,1,0.5,0,0
L/,1,0,0.75,1,0.5,0,0
L;,1,0,1,1,1,1,0
LA,1,0,1,1,1,1,1
LB,1,0.5,0.5,0.5,1,1,1
LC,1,0.5,0,1,1,1,1
LD,1,0.5,1,1,1,1,1
LE,1,0.5,0.75,1,1,1,1
LF,1,0.5,1,1,1,1,1
LG,1,0.5,0.5,0.5,1,1,1
LH,1,0.5,0.5,0.5,1,0,1
LI,1,0.5,0.75,1,0.5,0,0
LJ,1,0.5,1,1,1,0,1
LK,1,0.5,1,1,1,1,1
LL,0,0,1,1,1,0,0
LM,1,0.5,0.75,1,0.5,1,0
LN,1,0.5,0.5,0.5,0.5,1,0
LO,0,0,0.75,1,0.5,0,0
LP,1,0,0,1,0.5,0,0
LQ,1,0,0,1,1,1,1
LR,1,0.5,0,1,1,1,1
LS,1,0,1,1,1,1,1
LT,1,0.5,0.5,0.5,1,1,1
LU,1,0.5,0,1,0.5,1,0
LV,1,0.5,0.75,1,1,1,1
LW,1,0,0.75,1,1,1,1
LX,1,0,0.75,1,1,1,1
LY,1,0.5,0.5,0.5,0.5,1,0
LZ,1,0,0.75,1,1,1,1
L[,1,0,0.5,0.5,0.5,0,0
M',1,0.5,0.25,0.5,0.5,1,0
"M,",1,1,0,1,1,1,0
M.,1,0.5,0.5,1,1,0,0
M/,1,0.5,0.5,1,1,0,0
M;,1,0.5,0.75,1,0.5,1,0
MA,1,0.5,0.75,1,1,1,1
MB,1,1,0.25,0.5,1,1,1
MC,1,1,0,1,1,1,1
MD,1,1,0.75,1,1,1,1
ME,1,1,0.5,1,1,1,1
MF,1,1,0.75,1,1,1,1
MG,1,1,0.25,0.5,1,1,1
MH,0,1,0.25,0.5,0.5,0,0
MI,1,1,0.5,1,0,0,0
MJ,0,1,0.75,1,0.5,0,0
MK,1,1,0.75,1,0.5,0,0
ML,1,0.5,0.75,1,0.5,1,0
MM,0,1,0.5,1,1,0,0
MN,0,1,0.25,0.5,1,0,0
MO,1,0.5,0.5,1,0,1,0
MP,1,0.5,0,1,0,1,0
MQ,1,0.5,0,1,1,1,1
MR,1,1,0,1,1,1,1
MS,1,0.5,0.75,1,1,1,1
MT,1,1,0.25,0.5,1,1,1
MU,0,1,0,1,0,0,0
MV,1,1,0.5,1,1,1,1
MW,1,0.5,0.5,1,1,1,1
MX,1,0.5,0.5,1,1,1,1
MY,0,1,0.25,0.5,0,0,0
MZ,1,0.5,0.5,1,1,1,1
M[,1,0.5,0.25,0.5,0,1,0
N',1,0.5,0,0,0.5,1,0
"N,",1,1,0,0.5,1,0,0
N.,1,0.5,0.25,0.5,1,0,0
N/,1,0.5,0.25,0.5,1,0,0
N;,1,0.5,0.5,0.5,0.5,1,0
NA,1,0.5,0.5,0.5,1,1,1
NB,1,1,0,0,1,1,1
NC,1,1,0,0.5,1,1,1
ND,1,1,0.5,0.5,1,1,1
NE,1,1,0.25,0.5,1,1,1
NF,1,1,0.5,0.5,1,1,1
NG,1,1,0,0,1,1,1
NH,0,1,0,0,0.5,0,0
NI,1,1,0.25,0.5,0,0,0
NJ,0,1,0.5,0.5,0.5,0,0
NK,1,1,0.5,0.5,0.5,0,0
NL,1,0.5,0.5,0.5,0.5,1,0
NM,0,1,0.25,0.5,1,0,0
NN,0,1,0,0,1,0,0
NO,1,0.5,0.25,0.5,0,1,0
NP,1,0.5,0,0.5,0,1,0
NQ,1,0.5,0,0.5,1,1,1
NR,1,1,0,0.5,1,1,1
NS,1,0.5,0.5,0.5,1,1,1
NT,1,1,0,0,1,1,1
NU,0,1,0,0.5,0,0,0
NV,1,1,0.25,0.5,1,1,1
NW,1,0.5,0.25,0.5,1,1,1
NX,1,0.5,0.25,0.5,1,1,1
NY,0,1,0,0,0,0,0
NZ,1,0.5,0.25,0.5,1,1,1
N[,1,0.5,0,0,0,1,0
O',1,0,0.25,0.5,0.5,0,0
"O,",1,0.5,0,1,0,0,0
O.,0,0,0.5,1,0,0,0
O/,1,0,0.5,1,0,0,0
O;,1,0,0.75,1,0.5,0,0
OA,1,0,0.75,1,1,1,1
OB,1,0.5,0.25,0.5,1,1,1
OC,1,0.5,0,1,1,1,1
OD,1,0.5,0.75,1,1,1,1
OE,1,0.5,0.5,1,1,1,1
OF,1,0.5,0.75,1,1,1,1
OG,1,0.5,0.25,0.5,1,1,1
OH,1,0.5,0.25,0.5,0.5,1,0
OI,1,0.5,0.5,1,1,1,1
OJ,1,0.5,0.75,1,0.5,1,0
OK,1,0.5,0.75,1,0.5,0,0
OL,0,0,0.75,1,0.5,0,0
OM,1,0.5,0.5,1,0,1,0
ON,1,0.5,0.25,0.5,0,1,0
OO,0,0,0.5,1,1,0,0
OP,1,0,0,1,1,1,0
OQ,1,0,0,1,1,1,1
OR,1,0.5,0,1,1,1,1
OS,1,0,0.75,1,1,1,1
OT,1,0.5,0.25,0.5,1,1,1
OU,1,0.5,0,1,1,0,1
OV,1,0.5,0.5,1,1,1,1
OW,1,0,0.5,1,1,1,1
OX,1,0,0.5,1,1,1,1
OY,1,0.5,0.25,0.5,1,0,1
OZ,1,0,0.5,1,1,1,1
O[,1,0,0.25,0.5,1,0,0
P',0,0,0,0.5,0.5,0,0
"P,",1,0.5,0,1,0,1,0
P.,1,0,0.25,1,0,0,0
P/,0,0,0.25,1,0,0,0
P;,0,0,0.5,1,0.5,0,0
PA,1,0,0.5,1,1,1,1
PB,1,0.5,0,0.5,1,1,1
PC,1,0.5,0,1,1,1,1
PD,1,0.5,0.5,1,1,1,1
PE,1,0.5,0.25,1,1,1,1
PF,1,0.5,0.5,1,1,1,1
PG,1,0.5,0,0.5,1,1,1
PH,1,0.5,0,0.5,0.5,1,0
PI,1,0.5,0.25,1,1,0,1
PJ,1,0.5,0.5,1,0.5,1,0
PK,1,0.5,0.5,1,0.5,1,0
PL,1,0,0.5,1,0.5,0,0
PM,1,0.5,0.25,1,0,1,0
PN,1,0.5,0,0.5,0,1,0
PO,1,0,0.25,1,1,1,1
PP,0,0,0,1,1,0,0
PQ,1,0,0,1,1,1,1
PR,1,0.5,0,1,1,1,1
PS,1,0,0.5,1,1,1,1
PT,1,0.5,0,0.5,1,1,1
PU,1,0.5,0,1,1,0,1
PV,1,0.5,0.25,1,1,1,1
PW,1,0,0.25,1,1,1,1
PX,1,0,0.25,1,1,1,1
PY,1,0.5,0,0.5,1,0,1
PZ,1,0,0.25,1,1,1,1
P[,0,0,0,0.5,1,0,0
Q',1,0,0,0.5,1,1,1
"Q,",1,0.5,0,1,1,1,1
Q.,1,0,0.25,1,1,1,1
Q/,1,0,0.25,1,1,1,1
Q;,1,0,0.5,1,1,1,1
QA,0,0,0.5,1,0.5,0,0
QB,1,0.5,0,0.5,0,1,0
QC,1,0.5,0,1,0,1,0
QD,1,0.5,0.5,1,0.5,1,0
QE,1,0.5,0.25,1,1,0,1
QF,1,0.5,0.5,1,0.5,1,0
QG,1,0.5,0,0.5,0.5,1,0
QH,1,0.5,0,0.5,1,1,1
QI,1,0.5,0.25,1,1,1,1
QJ,1,0.5,0.5,1,1,1,1
QK,1,0.5,0.5,1,1,1,1
QL,1,0,0.5,1,1,1,1
QM,1,0.5,0.25,1,1,1,1
QN,1,0.5,0,0.5,1,1,1
QO,1,0,0.25,1,1,1,1
QP,1,0,0,1,1,1,1
QQ,0,0,0,1,1,0,0
QR,1,0.5,0,1,1,0,1
QS,1,0,0.5,1,0.5,0,0
QT,1,0.5,0,0.5,1,0,1
QU,1,0.5,0,1,1,1,1
QV,1,0.5,0.25,1,0,1,0
QW,1,0,0.25,1,1,1,1
QX,1,0,0.25,1,0,0,0
QY,1,0.5,0,0.5,1,1,1
QZ,0,0,0.25,1,0,0,0
Q[,1,0,0,0.5,1,1,1
R',1,0.5,0,0.5,1,1,1
"R,",1,1,0,1,1,1,1
R.,1,0.5,0.25,1,1,1,1
R/,1,0.5,0.25,1,1,1,1
R;,1,0.5,0.5,1,1,1,1
RA,1,0.5,0.5,1,0.5,1,0
RB,0,1,0,0.5,0,0,0
RC,1,1,0,1,0,0,0
RD,1,1,0.5,1,0.5,0,0
RE,1,1,0.25,1,1,1,0
RF,0,1,0.5,1,0.5,0,0
RG,0,1,0,0.5,0.5,0,0
RH,1,1,0,0.5,1,1,1
RI,1,1,0.25,1,1,1,1
RJ,1,1,0.5,1,1,1,1
RK,1,1,0.5,1,1,1,1
RL,1,0.5,0.5,1,1,1,1
RM,1,1,0.25,1,1,1,1
RN,1,1,0,0.5,1,1,1
RO,1,0.5,0.25,1,1,1,1
RP,1,0.5,0,1,1,1,1
RQ,1,0.5,0,1,1,0,0
RR,0,1,0,1,1,0,0
RS,1,0.5,0.5,1,0.5,1,0
RT,0,1,0,0.5,1,0,0
RU,1,1,0,1,1,1,1
RV,0,1,0.25,1,0,0,0
RW,1,0.5,0.25,1,1,0,0
RX,1,0.5,0.25,1,0,1,0
RY,1,1,0,0.5,1,1,1
RZ,1,0.5,0.25,1,0,1,0
R[,1,0.5,0,0.5,1,1,1
S',1,0,0.5,0.5,1,1,1
"S,",1,0.5,0,1,1,1,1
S.,1,0,0.75,1,1,1,1
S/,1,0,0.75,1,1,1,1
S;,1,0,1,1,1,1,1
SA,1,0,1,1,1,1,0
SB,1,0.5,0.5,0.5,0.5,1,0
SC,1,0.5,0,1,0.5,0,0
SD,1,0.5,1,1,1,1,1
SE,1,0.5,0.75,1,0.5,0,0
SF,1,0.5,1,1,1,0,1
SG,1,0.5,0.5,0.5,1,0,1
SH,1,0.5,0.5,0.5,1,1,1
SI,1,0.5,0.75,1,1,1,1
SJ,1,0.5,1,1,1,1,1
SK,1,0.5,1,1,1,1,1
SL,1,0,1,1,1,1,1
SM,1,0.5,0.75,1,1,1,1
SN,1,0.5,0.5,0.5,1,1,1
SO,1,0,0.75,1,1,1,1
SP,1,0,0,1,1,1,1
SQ,1,0,0,1,0.5,0,0
SR,1,0.5,0,1,0.5,1,0
SS,0,0,1,1,1,0,0
ST,1,0.5,0.5,0.5,0.5,1,0
SU,1,0.5,0,1,1,1,1
SV,1,0.5,0.75,1,0.5,1,0
SW,0,0,0.75,1,0.5,0,0
SX,0,0,0.75,1,0.5,0,0
SY,1,0.5,0.5,0.5,1,1,1
SZ,1,0,0.75,1,0.5,0,0
S[,1,0,0.5,0.5,1,1,1
T',1,0.5,0,0,1,1,1
"T,",1,1,0,0.5,1,1,1
T.,1,0.5,0.25,0.5,1,1,1
T/,1,0.5,0.25,0.5,1,1,1
T;,1,0.5,0.5,0.5,1,1,1
TA,1,0.5,0.5,0.5,0.5,1,0
TB,0,1,0,0,0,0,0
TC,1,1,0,0.5,0,0,0
TD,1,1,0.5,0.5,0.5,0,0
TE,1,1,0.25,0.5,1,0,0
TF,0,1,0.5,0.5,0.5,0,0
TG,0,1,0,0,0.5,0,0
TH,1,1,0,0,1,1,1
TI,1,1,0.25,0.5,1,1,1
TJ,1,1,0.5,0.5,1,1,1
TK,1,1,0.5,0.5,1,1,1
TL,1,0.5,0.5,0.5,1,1,1
TM,1,1,0.25,0.5,1,1,1
TN,1,1,0,0,1,1,1
TO,1,0.5,0.25,0.5,1,1,1
TP,1,0.5,0,0.5,1,1,1
TQ,1,0.5,0,0.5,1,0,0
TR,0,1,0,0.5,1,0,0
TS,1,0.5,0.5,0.5,0.5,1,0
TT,0,1,0,0,1,0,0
TU,1,1,0,0.5,1,1,1
TV,0,1,0.25,0.5,0,0,0
TW,1,0.5,0.25,0.5,1,0,0
TX,1,0.5,0.25,0.5,0,1,0
TY,1,1,0,0,1,1,1
TZ,1,0.5,0.25,0.5,0,1,0
T[,1,0.5,0,0,1,1,1
U',1,0.5,0,0.5,0.5,1,0
"U,",1,1,0,1,0,0,0
U.,1,0.5,0.25,1,0,1,0
U/,1,0.5,0.25,1,0,1,0
U;,1,0.5,0.5,1,0.5,1,0
UA,1,0.5,0.5,1,1,1,1
UB,1,1,0,0.5,1,1,1
UC,1,1,0,1,1,1,1
UD,1,1,0.5,1,1,1,1
UE,1,1,0.25,1,1,1,1
UF,1,1,0.5,1,1,1,1
UG,1,1,0,0.5,1,1,1
UH,0,1,0,0.5,0.5,0,0
UI,1,1,0.25,1,1,1,0
UJ,0,1,0.5,1,0.5,0,0
UK,1,1,0.5,1,0.5,0,0
UL,1,0.5,0.5,1,0.5,1,0
UM,0,1,0.25,1,0,0,0
UN,0,1,0,0.5,0,0,0
UO,1,0.5,0.25,1,1,0,0
UP,1,0.5,0,1,1,0,0
UQ,1,0.5,0,1,1,1,1
UR,1,1,0,1,1,1,1
US,1,0.5,0.5,1,1,1,1
UT,1,1,0,0.5,1,1,1
UU,0,1,0,1,1,0,0
UV,1,1,0.25,1,1,1,1
UW,1,0.5,0.25,1,1,1,1
UX,1,0.5,0.25,1,1,1,1
UY,0,1,0,0.5,1,0,0
UZ,1,0.5,0.25,1,1,1,1
U[,1,0.5,0,0.5,1,0,0
V',1,0.5,0.25,0.5,1,1,1
"V,",1,1,0,1,1,1,1
V.,1,0.5,0.5,1,1,1,1
V/,1,0.5,0.5,1,1,1,1
V;,1,0.5,0.75,1,1,1,1
VA,1,0.5,0.75,1,0.5,1,0
VB,0,1,0.25,0.5,1,0,0
VC,1,1,0,1,1,1,0
VD,1,1,0.75,1,0.5,0,0
VE,1,1,0.5,1,0,0,0
VF,0,1,0.75,1,0.5,0,0
VG,0,1,0.25,0.5,0.5,0,0
VH,1,1,0.25,0.5,1,1,1
VI,1,1,0.5,1,1,1,1
VJ,1,1,0.75,1,1,1,1
VK,1,1,0.75,1,1,1,1
VL,1,0.5,0.75,1,1,1,1
VM,1,1,0.5,1,1,1,1
VN,1,1,0.25,0.5,1,1,1
VO,1,0.5,0.5,1,1,1,1
VP,1,0.5,0,1,1,1,1
VQ,1,0.5,0,1,0,1,0
VR,0,1,0,1,0,0,0
VS,1,0.5,0.75,1,0.5,1,0
VT,0,1,0.25,0.5,0,0,0
VU,1,1,0,1,1,1,1
VV,0,1,0.5,1,1,0,0
VW,1,0.5,0.5,1,0,1,0
VX,1,0.5,0.5,1,1,0,0
VY,1,1,0.25,0.5,1,1,1
VZ,1,0.5,0.5,1,1,0,0
V[,1,0.5,0.25,0.5,1,1,1
W',1,0,0.25,0.5,1,1,1
"W,",1,0.5,0,1,1,1,1
W.,1,0,0.5,1,1,1,1
W/,1,0,0.5,1,1,1,1
W;,1,0,0.75,1,1,1,1
WA,1,0,0.75,1,0.5,0,0
WB,1,0.5,0.25,0.5,0,1,0
WC,1,0.5,0,1,0,0,0
WD,1,0.5,0.75,1,0.5,0,0
WE,1,0.5,0.5,1,1,1,1
WF,1,0.5,0.75,1,0.5,1,0
WG,1,0.5,0.25,0.5,0.5,1,0
WH,1,0.5,0.25,0.5,1,1,1
WI,1,0.5,0.5,1,1,1,1
WJ,1,0.5,0.75,1,1,1,1
WK,1,0.5,0.75,1,1,1,1
WL,1,0,0.75,1,1,1,1
WM,1,0.5,0.5,1,1,1,1
WN,1,0.5,0.25,0.5,1,1,1
WO,1,0,0.5,1,1,1,1
WP,1,0,0,1,1,1,1
WQ,1,0,0,1,1,1,0
WR,1,0.5,0,1,1,0,1
WS,0,0,0.75,1,0.5,0,0
WT,1,0.5,0.25,0.5,1,0,1
WU,1,0.5,0,1,1,1,1
WV,1,0.5,0.5,1,0,1,0
WW,0,0,0.5,1,1,0,0
WX,0,0,0.5,1,0,0,0
WY,1,0.5,0.25,0.5,1,1,1
WZ,1,0,0.5,1,0,0,0
W[,1,0,0.25,0.5,1,1,1
X',1,0,0.25,0.5,1,1,1
"X,",1,0.5,0,1,1,1,1
X.,1,0,0.5,1,1,1,1
X/,1,0,0.5,1,1,1,1
X;,1,0,0.75,1,1,1,1
XA,1,0,0.75,1,0.5,0,0
XB,1,0.5,0.25,0.5,1,0,1
XC,1,0.5,0,1,1,1,1
XD,1,0.5,0.75,1,0.5,0,0
XE,1,0.5,0.5,1,0,0,0
XF,1,0.5,0.75,1,0.5,1,0
XG,1,0.5,0.25,0.5,0.5,1,0
XH,1,0.5,0.25,0.5,1,1,1
XI,1,0.5,0.5,1,1,1,1
XJ,1,0.5,0.75,1,1,1,1
XK,1,0.5,0.75,1,1,1,1
XL,1,0,0.75,1,1,1,1
XM,1,0.5,0.5,1,1,1,1
XN,1,0.5,0.25,0.5,1,1,1
XO,1,0,0.5,1,1,1,1
XP,1,0,0,1,1,1,1
XQ,1,0,0,1,0,0,0
XR,1,0.5,0,1,0,1,0
XS,0,0,0.75,1,0.5,0,0
XT,1,0.5,0.25,0.5,0,1,0
XU,1,0.5,0,1,1,1,1
XV,1,0.5,0.5,1,1,0,1
XW,0,0,0.5,1,0,0,0
XX,0,0,0.5,1,1,0,0
XY,1,0.5,0.25,0.5,1,1,1
XZ,1,0,0.5,1,1,1,0
X[,1,0,0.25,0.5,1,1,1
Y',1,0.5,0,0,0.5,1,0
"Y,",1,1,0,0.5,0,0,0
Y.,1,0.5,0.25,0.5,0,1,0
Y/,1,0.5,0.25,0.5,0,1,0
Y;,1,0.5,0.5,0.5,0.5,1,0
YA,1,0.5,0.5,0.5,1,1,1
YB,1,1,0,0,1,1,1
YC,1,1,0,0.5,1,1,1
YD,1,1,0.5,0.5,1,1,1
YE,1,1,0.25,0.5,1,1,1
YF,1,1,0.5,0.5,1,1,1
YG,1,1,0,0,1,1,1
YH,0,1,0,0,0.5,0,0
YI,1,1,0.25,0.5,1,0,0
YJ,0,1,0.5,0.5,0.5,0,0
YK,1,1,0.5,0.5,0.5,0,0
YL,1,0.5,0.5,0.5,0.5,1,0
YM,0,1,0.25,0.5,0,0,0
YN,0,1,0,0,0,0,0
YO,1,0.5,0.25,0.5,1,0,0
YP,1,0.5,0,0.5,1,0,0
YQ,1,0.5,0,0.5,1,1,1
YR,1,1,0,0.5,1,1,1
YS,1,0.5,0.5,0.5,1,1,1
YT,1,1,0,0,1,1,1
YU,0,1,0,0.5,1,0,0
YV,1,1,0.25,0.5,1,1,1
YW,1,0.5,0.25,0.5,1,1,1
YX,1,0.5,0.25,0.5,1,1,1
YY,0,1,0,0,1,0,0
YZ,1,0.5,0.25,0.5,1,1,1
Y[,1,0.5,0,0,1,0,0
Z',1,0,0.25,0.5,1,1,1
"Z,",1,0.5,0,1,1,1,1
Z.,1,0,0.5,1,1,1,1
Z/,1,0,0.5,1,1,1,1
Z;,1,0,0.75,1,1,1,1
ZA,0,0,0.75,1,0.5,0,0
ZB,1,0.5,0.25,0.5,1,0,1
ZC,1,0.5,0,1,1,0,1
ZD,1,0.5,0.75,1,0.5,1,0
ZE,1,0.5,0.5,1,0,1,0
ZF,1,0.5,0.75,1,0.5,1,0
ZG,1,0.5,0.25,0.5,0.5,1,0
ZH,1,0.5,0.25,0.5,1,1,1
ZI,1,0.5,0.5,1,1,1,1
ZJ,1,0.5,0.75,1,1,1,1
ZK,1,0.5,0.75,1,1,1,1
ZL,1,0,0.75,1,1,1,1
ZM,1,0.5,0.5,1,1,1,1
ZN,1,0.5,0.25,0.5,1,1,1
ZO,1,0,0.5,1,1,1,1
ZP,1,0,0,1,1,1,1
ZQ,0,0,0,1,0,0,0
ZR,1,0.5,0,1,0,1,0
ZS,1,0,0.75,1,0.5,0,0
ZT,1,0.5,0.25,0.5,0,1,0
ZU,1,0.5,0,1,1,1,1
ZV,1,0.5,0.5,1,1,0,1
ZW,1,0,0.5,1,0,0,0
ZX,1,0,0.5,1,1,1,1
ZY,1,0.5,0.25,0.5,1,1,1
ZZ,0,0,0.5,1,1,0,0
Z[,1,0,0.25,0.5,1,1,1
[',0,0,0,0,0.5,0,0
"[,",1,0.5,0,0.5,0,1,0
[.,1,0,0.25,0.5,0,0,0
[/,0,0,0.25,0.5,0,0,0
[;,0,0,0.5,0.5,0.5,0,0
[A,1,0,0.5,0.5,1,1,1
[B,1,0.5,0,0,1,1,1
[C,1,0.5,0,0.5,1,1,1
[D,1,0.5,0.5,0.5,1,1,1
[E,1,0.5,0.25,0.5,1,1,1
[F,1,0.5,0.5,0.5,1,1,1
[G,1,0.5,0,0,1,1,1
[H,1,0.5,0,0,0.5,1,0
[I,1,0.5,0.25,0.5,1,0,1
[J,1,0.5,0.5,0.5,0.5,1,0
[K,1,0.5,0.5,0.5,0.5,1,0
[L,1,0,0.5,0.5,0.5,0,0
[M,1,0.5,0.25,0.5,0,1,0
[N,1,0.5,0,0,0,1,0
[O,1,0,0.25,0.5,1,0,1
[P,0,0,0,0.5,1,0,0
[Q,1,0,0,0.5,1,1,1
[R,1,0.5,0,0.5,1,1,1
[S,1,0,0.5,0.5,1,1,1
[T,1,0.5,0,0,1,1,1
[U,1,0.5,0,0.5,1,0,1
[V,1,0.5,0.25,0.5,1,1,1
[W,1,0,0.25,0.5,1,1,1
[X,1,0,0.25,0.5,1,1,1
[Y,1,0.5,0,0,1,0,1
[Z,1,0,0.25,0.5,1,1,1
[[,0,0,0,0,1,0,0
